NOC,Year,actual_gold,pred_gold,actual_silver,pred_silver,actual_bronze,pred_bronze
AFG,2012,0.0,-0.07675195,0.0,0.12285936,1.0,0.29334944
ALB,2012,0.0,0.011003017,0.0,0.21597701,0.0,0.3778665
ALG,2012,1.0,1.0025569,0.0,1.1649716,0.0,1.3754025
AND,2012,0.0,0.010343432,0.0,0.21101856,0.0,0.3744681
ANG,2012,0.0,0.4428661,0.0,0.608144,0.0,0.77331054
ANT,2012,0.0,-0.0013415813,0.0,0.19800097,0.0,0.36641356
ARG,2012,1.0,1.5711966,1.0,1.8042743,2.0,2.0821269
ARM,2012,0.0,0.2737251,1.0,0.45943934,1.0,0.64812016
ARU,2012,0.0,-0.03425324,0.0,0.16763872,0.0,0.33819622
ASA,2012,0.0,0.011657536,0.0,0.2092374,0.0,0.3754564
AUS,2012,8.0,16.88044,15.0,15.334794,12.0,16.545395
AUT,2012,0.0,1.1298126,0.0,1.3496869,0.0,1.5648885
AZE,2012,2.0,0.90919715,2.0,1.0392632,5.0,1.2310603
BAH,2012,1.0,0.85564,0.0,0.97986066,0.0,1.1600571
BAN,2012,0.0,0.05526948,0.0,0.24817938,0.0,0.40837818
BAR,2012,0.0,0.1583693,0.0,0.3521794,0.0,0.5339867
BDI,2012,0.0,0.12356073,0.0,0.30489618,0.0,0.47170728
BEL,2012,0.0,1.1249058,1.0,1.3361874,2.0,1.5468845
BEN,2012,0.0,-0.013619542,0.0,0.18803984,0.0,0.3531912
BER,2012,0.0,0.06273222,0.0,0.25310612,0.0,0.40823966
BHU,2012,0.0,0.085143685,0.0,0.26614434,0.0,0.4206775
BIH,2012,0.0,0.0016243458,0.0,0.20334285,0.0,0.37562704
BIZ,2012,0.0,-0.027233362,0.0,0.1745823,0.0,0.33540732
BLR,2012,2.0,2.683958,5.0,3.08191,3.0,3.5639124
BOL,2012,0.0,0.017565906,0.0,0.21942079,0.0,0.37951666
BOT,2012,0.0,0.033814847,1.0,0.23052484,0.0,0.41323587
BRA,2012,3.0,3.7722685,5.0,4.0983405,9.0,4.7752266
BRN,2012,1.0,0.118139744,0.0,0.30339628,0.0,0.46835464
BUL,2012,0.0,1.8520008,2.0,2.1953154,1.0,2.5089343
BUR,2012,0.0,0.0024092197,0.0,0.20267427,0.0,0.36688972
CAF,2012,0.0,0.014869511,0.0,0.21108478,0.0,0.3650825
CAM,2012,0.0,0.096782684,0.0,0.2801717,0.0,0.43517894
CAN,2012,2.0,5.739457,6.0,6.0020914,10.0,6.9424624
CAY,2012,0.0,0.04201269,0.0,0.23702753,0.0,0.39575586
CGO,2012,0.0,0.0016009808,0.0,0.20047808,0.0,0.35817534
CHA,2012,0.0,-0.11191106,0.0,0.09414047,0.0,0.2425695
CHI,2012,0.0,0.10248494,0.0,0.33268392,0.0,0.51374567
CHN,2012,39.0,26.225266,31.0,22.129864,22.0,22.142273
CIV,2012,0.0,-0.0034103394,0.0,0.20826095,0.0,0.37294403
CMR,2012,0.0,0.2773503,0.0,0.4736304,1.0,0.6535024
COD,2012,0.0,-0.042208433,0.0,0.1644603,0.0,0.33028036
COK,2012,0.0,-0.03147614,0.0,0.17175817,0.0,0.33515483
COL,2012,1.0,0.8109439,3.0,1.0180253,5.0,1.1992723
COM,2012,0.0,0.027153075,0.0,0.22000784,0.0,0.38167536
CPV,2012,0.0,0.06613457,0.0,0.25104874,0.0,0.40806654
CRC,2012,0.0,0.13423318,0.0,0.32936877,0.0,0.50756305
CRO,2012,3.0,1.5116494,1.0,1.647677,2.0,1.8869507
CUB,2012,5.0,5.281606,3.0,5.5402203,7.0,6.4235687
CYP,2012,0.0,0.27820116,1.0,0.4578604,0.0,0.62698257
CZE,2012,4.0,2.0542006,4.0,2.3197234,3.0,2.6399782
DEN,2012,2.0,1.8299345,4.0,2.040118,3.0,2.2966745
DJI,2012,0.0,-0.05849111,0.0,0.13932812,0.0,0.30643374
DMA,2012,0.0,-0.082321525,0.0,0.12604672,0.0,0.2910266
DOM,2012,1.0,0.16974366,1.0,0.36829323,0.0,0.53979355
ECU,2012,0.0,0.09800601,0.0,0.3030886,0.0,0.47164038
EGY,2012,0.0,0.7964296,3.0,1.0033011,1.0,1.2140038
ESA,2012,0.0,-0.054506302,0.0,0.16910255,0.0,0.31869322
ESP,2012,4.0,7.547098,10.0,7.5395737,6.0,8.695377
EST,2012,0.0,0.4664697,1.0,0.6570785,1.0,0.8471888
ETH,2012,3.0,2.1477783,2.0,2.1105573,3.0,2.2888794
FIJ,2012,0.0,-0.026367188,0.0,0.18352753,0.0,0.34386408
FIN,2012,0.0,1.0971605,2.0,1.3010296,1.0,1.5075334
FRA,2012,11.0,13.675885,11.0,12.78636,13.0,14.071636
GAB,2012,0.0,0.05834484,1.0,0.25012678,0.0,0.41050994
GAM,2012,0.0,-0.0011851788,0.0,0.19673342,0.0,0.35589048
GBR,2012,29.0,15.765409,18.0,14.555197,18.0,15.724644
GBS,2012,0.0,-0.06113434,0.0,0.14389795,0.0,0.30457103
GEO,2012,1.0,0.8344428,2.0,0.9979187,3.0,1.197821
GEQ,2012,0.0,0.0006084442,0.0,0.19964576,0.0,0.35962605
GER,2012,11.0,14.823726,20.0,13.97663,13.0,14.724545
GHA,2012,0.0,0.20830095,0.0,0.39277554,0.0,0.5789019
GRE,2012,0.0,1.9671743,0.0,2.1277163,2.0,2.462518
GRN,2012,1.0,0.16613007,0.0,0.33797568,0.0,0.49792302
GUA,2012,0.0,-0.09963405,1.0,0.12818682,0.0,0.3018381
GUI,2012,0.0,0.09103429,0.0,0.27717394,0.0,0.43366084
GUM,2012,0.0,-0.06120205,0.0,0.15368062,0.0,0.32476145
GUY,2012,0.0,0.055832744,0.0,0.2431472,0.0,0.40458384
HAI,2012,0.0,0.12361616,0.0,0.3055761,0.0,0.47003788
HKG,2012,0.0,0.47061408,0.0,0.6658301,1.0,0.83308566
HON,2012,0.0,0.013645172,0.0,0.21542686,0.0,0.39212352
HUN,2012,8.0,3.320099,4.0,3.7725685,6.0,4.473844
INA,2012,0.0,1.0795244,2.0,1.2253903,1.0,1.4150908
IND,2012,0.0,0.90666366,2.0,1.075442,4.0,1.2701418
IRI,2012,7.0,0.60440236,5.0,0.77479666,1.0,0.97840977
IRL,2012,1.0,0.9367395,1.0,1.1154187,4.0,1.3210478
IRQ,2012,0.0,0.13264751,0.0,0.31344748,0.0,0.48355058
ISL,2012,0.0,0.4591365,0.0,0.62735224,0.0,0.806121
ISR,2012,0.0,0.58256316,0.0,0.7722133,0.0,0.9469842
ISV,2012,0.0,-0.03088224,0.0,0.18127543,0.0,0.35575363
ITA,2012,8.0,12.5609045,9.0,11.874146,11.0,13.189484
IVB,2012,0.0,0.021312237,0.0,0.21264786,0.0,0.38972822
JAM,2012,4.0,3.5117602,5.0,3.34649,4.0,3.5344388
JOR,2012,0.0,0.050239086,0.0,0.24913657,0.0,0.40328008
JPN,2012,7.0,10.686345,14.0,10.2486925,17.0,11.424456
KAZ,2012,3.0,2.397201,2.0,2.641996,6.0,2.984532
KEN,2012,2.0,3.1936321,4.0,3.0652237,7.0,3.2764099
KGZ,2012,0.0,0.43820953,0.0,0.63830054,0.0,0.8339423
KOR,2012,13.0,10.154674,9.0,9.779365,9.0,10.94526
KSA,2012,0.0,0.12273955,0.0,0.31433958,1.0,0.5020306
KUW,2012,0.0,0.039963663,0.0,0.24705476,1.0,0.43619466
LAO,2012,0.0,0.08124435,0.0,0.2654639,0.0,0.42665902
LAT,2012,1.0,0.8017693,0.0,0.97181803,1.0,1.1587803
LBA,2012,0.0,-0.0519408,0.0,0.15460646,0.0,0.32980996
LBR,2012,0.0,0.04375112,0.0,0.23676646,0.0,0.40484798
LCA,2012,0.0,0.12488407,0.0,0.3002751,0.0,0.45185798
LES,2012,0.0,-0.081660986,0.0,0.12870675,0.0,0.29294854
LIB,2012,0.0,-0.020554543,0.0,0.18591696,0.0,0.35228032
LIE,2012,0.0,-0.06494093,0.0,0.13812429,0.0,0.30993807
LTU,2012,2.0,0.9804756,0.0,1.1708502,3.0,1.3765461
LUX,2012,0.0,0.047854006,0.0,0.25611794,0.0,0.41134822
MAD,2012,0.0,0.032805443,0.0,0.23816425,0.0,0.39556396
MAR,2012,0.0,1.0571645,0.0,1.1821367,1.0,1.3991406
MAS,2012,0.0,0.31320173,1.0,0.5117868,1.0,0.6899169
MAW,2012,0.0,0.09082198,0.0,0.27340633,0.0,0.42754585
MDA,2012,0.0,0.45022357,0.0,0.6331878,0.0,0.826404
MDV,2012,0.0,0.096782684,0.0,0.2801717,0.0,0.43517894
MEX,2012,1.0,0.8943451,3.0,1.1703905,4.0,1.3791407
MGL,2012,0.0,0.62320447,2.0,0.76391053,3.0,0.9284088
MKD,2012,0.0,0.07576007,0.0,0.28043413,0.0,0.45075172
MLI,2012,0.0,0.22350448,0.0,0.39319935,0.0,0.5548604
MLT,2012,0.0,0.04732895,0.0,0.24329811,0.0,0.40183556
MON,2012,0.0,-0.117960215,0.0,0.10102141,0.0,0.27160472
MOZ,2012,0.0,0.11659354,0.0,0.305739,0.0,0.46269232
MRI,2012,0.0,0.021336377,0.0,0.23661792,0.0,0.40943164
MTN,2012,0.0,0.085143685,0.0,0.26614434,0.0,0.4206775
MYA,2012,0.0,-0.20879316,0.0,0.030143976,0.0,0.17880672
NAM,2012,0.0,0.09657526,0.0,0.29522496,0.0,0.47288904
NCA,2012,0.0,-0.0032877922,0.0,0.19879037,0.0,0.35743445
NED,2012,6.0,5.0341024,6.0,5.3008018,8.0,6.2049317
NEP,2012,0.0,0.015991211,0.0,0.22077447,0.0,0.37279373
NGR,2012,0.0,2.3658328,0.0,2.4157672,0.0,2.6303525
NIG,2012,0.0,0.10643232,0.0,0.28769588,0.0,0.44752192
NOR,2012,2.0,2.1549509,1.0,2.3132765,1.0,2.5590968
NRU,2012,0.0,-0.049486637,0.0,0.15241325,0.0,0.31925958
NZL,2012,6.0,2.7862816,2.0,2.9599247,5.0,3.3057241
OMA,2012,0.0,-0.053842306,0.0,0.15466446,0.0,0.33663005
PAK,2012,0.0,0.15216827,0.0,0.34143615,0.0,0.5304524
PAN,2012,0.0,0.052450836,0.0,0.24786717,0.0,0.4170829
PAR,2012,0.0,0.15395391,0.0,0.33917755,0.0,0.50055635
PER,2012,0.0,0.008137941,0.0,0.23505604,0.0,0.39141113
PHI,2012,0.0,0.11528736,0.0,0.33065373,0.0,0.50330096
PLE,2012,0.0,0.08463627,0.0,0.26749396,0.0,0.4251426
PNG,2012,0.0,0.066218674,0.0,0.26090539,0.0,0.41124728
POL,2012,3.0,3.6777997,2.0,3.9727101,6.0,4.6468563
POR,2012,0.0,0.8971482,1.0,1.0867784,0.0,1.2928895
PRK,2012,4.0,1.7682401,0.0,1.8548803,2.0,2.0228906
PUR,2012,0.0,0.24077278,1.0,0.43966472,1.0,0.618897
QAT,2012,0.0,0.05847621,1.0,0.26032847,1.0,0.44752362
ROU,2012,2.0,2.5550654,4.0,3.2401729,1.0,3.787673
RSA,2012,4.0,1.6413133,1.0,1.8714781,1.0,2.13674
RUS,2012,18.0,29.542938,21.0,24.35114,26.0,24.102003
RWA,2012,0.0,0.111843765,0.0,0.294416,0.0,0.45512837
SAM,2012,0.0,-0.066771984,0.0,0.1474899,0.0,0.3188333
SEN,2012,0.0,0.2812227,0.0,0.48179415,0.0,0.6386457
SEY,2012,0.0,-0.020863295,0.0,0.18950266,0.0,0.3578593
SGP,2012,0.0,0.45834047,0.0,0.6142017,2.0,0.76852095
SKN,2012,0.0,0.19640541,0.0,0.35783994,0.0,0.5050697
SLE,2012,0.0,-0.022775054,0.0,0.17840594,0.0,0.34279692
SLO,2012,1.0,1.6407925,1.0,1.7477937,2.0,1.9772234
SMR,2012,0.0,0.025961101,0.0,0.22160214,0.0,0.3902342
SOL,2012,0.0,0.10771841,0.0,0.28493863,0.0,0.43504548
SOM,2012,0.0,0.085143685,0.0,0.26614434,0.0,0.4206775
SRI,2012,0.0,0.15715367,0.0,0.35907316,0.0,0.52271473
STP,2012,0.0,-0.000942111,0.0,0.19668531,0.0,0.35571674
SUD,2012,0.0,0.15247995,0.0,0.3279702,0.0,0.49457452
SUI,2012,2.0,1.3269672,2.0,1.6066629,0.0,1.8539834
SUR,2012,0.0,0.09954244,0.0,0.2829519,0.0,0.43807468
SVK,2012,0.0,1.3702077,1.0,1.5486913,3.0,1.7896724
SWE,2012,1.0,1.758218,4.0,2.0525312,3.0,2.3532166
SWZ,2012,0.0,0.07390934,0.0,0.2623633,0.0,0.42702013
SYR,2012,0.0,-0.009045005,0.0,0.19852847,0.0,0.3734654
TAN,2012,0.0,0.057032943,0.0,0.24881256,0.0,0.42306432
TGA,2012,0.0,0.0506351,0.0,0.24203289,0.0,0.41115263
THA,2012,0.0,1.4400219,2.0,1.5638647,2.0,1.7525189
TJK,2012,0.0,0.013019383,0.0,0.22155064,1.0,0.3815411
TKM,2012,0.0,0.014292657,0.0,0.2215479,0.0,0.38245368
TOG,2012,0.0,-0.04590726,0.0,0.16137111,0.0,0.32943678
TPE,2012,1.0,1.5281987,0.0,1.7240498,1.0,1.9341309
TTO,2012,1.0,0.69623744,1.0,0.82925534,2.0,1.0046046
TUN,2012,2.0,0.3347683,0.0,0.5325055,1.0,0.71901095
TUR,2012,1.0,2.118155,1.0,2.209054,1.0,2.4581556
UAE,2012,0.0,-0.118679404,0.0,0.10434228,0.0,0.28458673
UGA,2012,1.0,0.08570218,0.0,0.28562176,0.0,0.4631734
UKR,2012,5.0,8.581652,4.0,8.439798,10.0,9.451047
URU,2012,0.0,0.06348878,0.0,0.27132243,0.0,0.4516397
USA,2012,48.0,36.552128,26.0,29.184069,30.0,28.310514
UZB,2012,0.0,1.2251987,0.0,1.4068227,3.0,1.6330061
VAN,2012,0.0,0.07760745,0.0,0.26023632,0.0,0.41617414
VEN,2012,1.0,0.6931237,0.0,0.92195755,0.0,1.1063608
VIE,2012,0.0,0.10822493,0.0,0.31075197,1.0,0.4640538
VIN,2012,0.0,0.116104186,0.0,0.2943126,0.0,0.45274115
YEM,2012,0.0,-0.046034813,0.0,0.15873891,0.0,0.3284536
ZAM,2012,0.0,0.014614224,0.0,0.21953613,0.0,0.39219028
ZIM,2012,0.0,0.36725014,0.0,0.5357448,0.0,0.7079222
AFG,2016,0.0,0.018809319,0.0,0.22037941,0.0,0.39047638
ALB,2016,0.0,0.029298663,0.0,0.23105448,0.0,0.3981648
ALG,2016,0.0,0.77752525,2.0,0.9702266,0.0,1.1685144
AND,2016,0.0,-0.008667707,0.0,0.19551241,0.0,0.36106646
ANG,2016,0.0,0.60482144,0.0,0.74356914,0.0,0.8985943
ANT,2016,0.0,0.11973417,0.0,0.30161744,0.0,0.46649712
ARG,2016,3.0,1.5068517,1.0,1.7511302,0.0,2.0254316
ARM,2016,1.0,0.31090033,3.0,0.49492633,0.0,0.67853117
ARU,2016,0.0,-0.028656363,0.0,0.17603773,0.0,0.3524066
ASA,2016,0.0,-0.03801179,0.0,0.16693503,0.0,0.33190227
AUS,2016,8.0,14.870541,11.0,13.884153,10.0,14.975495
AUT,2016,0.0,0.828752,0.0,1.0786088,1.0,1.2837607
AZE,2016,1.0,1.1096096,7.0,1.2589101,10.0,1.4612014
BAH,2016,1.0,0.943793,0.0,1.051008,1.0,1.228008
BAN,2016,0.0,-0.08637142,0.0,0.12950581,0.0,0.29927582
BAR,2016,0.0,0.04227519,0.0,0.24253601,0.0,0.4251399
BDI,2016,0.0,0.071462095,1.0,0.25886434,0.0,0.41416997
BEL,2016,2.0,1.3839936,2.0,1.5357301,2.0,1.748662
BEN,2016,0.0,-0.026605487,0.0,0.18025166,0.0,0.3437137
BER,2016,0.0,-0.021794677,0.0,0.18923151,0.0,0.3462215
BHU,2016,0.0,0.08043885,0.0,0.26064467,0.0,0.40594178
BIH,2016,0.0,-0.0057942867,0.0,0.20299035,0.0,0.37740904
BIZ,2016,0.0,0.05273658,0.0,0.2424857,0.0,0.40598196
BLR,2016,1.0,2.3213353,4.0,2.7126145,4.0,3.150361
BOL,2016,0.0,0.06995112,0.0,0.26348066,0.0,0.4250338
BOT,2016,0.0,0.115523756,0.0,0.30190617,0.0,0.4816835
BRA,2016,7.0,8.082674,6.0,8.062329,6.0,9.148588
BRN,2016,1.0,0.30357438,1.0,0.46503833,0.0,0.630488
BRU,2016,0.0,-0.014159799,0.0,0.18520844,0.0,0.36479867
BUL,2016,0.0,1.3814951,1.0,1.6802237,2.0,1.934617
BUR,2016,0.0,0.09603131,0.0,0.2807963,0.0,0.43603808
CAF,2016,0.0,0.040732503,0.0,0.2363928,0.0,0.39512128
CAM,2016,0.0,0.05455482,0.0,0.24907231,0.0,0.40468556
CAN,2016,4.0,7.1099863,3.0,7.1933317,15.0,8.250853
CAY,2016,0.0,0.009147525,0.0,0.20777243,0.0,0.37970144
CGO,2016,0.0,0.08714259,0.0,0.2758906,0.0,0.43216527
CHA,2016,0.0,0.010837376,0.0,0.19792628,0.0,0.33145708
CHI,2016,0.0,0.028410554,0.0,0.27364433,0.0,0.44072172
CHN,2016,26.0,19.676643,18.0,17.511024,26.0,18.493048
CIV,2016,1.0,0.09250778,0.0,0.2873708,1.0,0.44796425
CMR,2016,0.0,0.4337865,0.0,0.60514927,0.0,0.77016187
COD,2016,0.0,-0.0023565292,0.0,0.19727999,0.0,0.36926427
COK,2016,0.0,0.026014209,0.0,0.22391409,0.0,0.3851769
COL,2016,3.0,1.368407,2.0,1.5534985,3.0,1.7519133
COM,2016,0.0,0.09379262,0.0,0.27550203,0.0,0.4346837
CPV,2016,0.0,0.06776166,0.0,0.25195956,0.0,0.40778205
CRC,2016,0.0,0.02730602,0.0,0.24024075,0.0,0.4194772
CRO,2016,5.0,1.572414,3.0,1.7140884,2.0,1.9578664
CUB,2016,5.0,4.334948,2.0,4.7192335,4.0,5.5070963
CYP,2016,0.0,0.11278021,0.0,0.32122844,0.0,0.48883528
CZE,2016,1.0,1.9679422,2.0,2.2685647,7.0,2.586931
DEN,2016,2.0,2.0453455,6.0,2.2155042,7.0,2.475002
DJI,2016,0.0,0.046108782,0.0,0.23812991,0.0,0.39350414
DMA,2016,0.0,0.095513225,0.0,0.2748434,0.0,0.43972057
DOM,2016,0.0,0.50776637,0.0,0.68434435,1.0,0.851863
ECU,2016,0.0,0.21235329,0.0,0.4132213,0.0,0.58065826
EGY,2016,0.0,1.0141113,0.0,1.2271061,3.0,1.4501088
ERI,2016,0.0,0.09385097,0.0,0.2834341,0.0,0.46130174
ESA,2016,0.0,0.031818867,0.0,0.24567264,0.0,0.39356732
ESP,2016,7.0,6.222865,4.0,6.3905973,6.0,7.406181
EST,2016,0.0,0.59112376,0.0,0.77954614,1.0,0.9702337
ETH,2016,1.0,2.3897295,2.0,2.3394902,5.0,2.5223444
FIJ,2016,1.0,-0.021520734,0.0,0.19062865,0.0,0.35307884
FIN,2016,0.0,1.143018,0.0,1.3212457,1.0,1.5146177
FRA,2016,10.0,15.945764,18.0,14.583305,14.0,15.73223
FSM,2016,0.0,0.0044457912,0.0,0.2073276,0.0,0.3714739
GAB,2016,0.0,0.0011069775,0.0,0.20346731,0.0,0.3687626
GAM,2016,0.0,0.12205976,0.0,0.29854316,0.0,0.45623004
GBR,2016,27.0,17.044266,23.0,15.5781,17.0,16.59687
GBS,2016,0.0,0.10280013,0.0,0.2838177,0.0,0.43698868
GEO,2016,2.0,0.9433321,1.0,1.0885224,4.0,1.2881327
GEQ,2016,0.0,0.11940855,0.0,0.29587263,0.0,0.45344567
GER,2016,17.0,15.484221,10.0,14.409422,15.0,15.4041195
GHA,2016,0.0,0.08701146,0.0,0.28666037,0.0,0.47038358
GRE,2016,3.0,0.6003156,1.0,0.85804594,2.0,1.1031089
GRN,2016,0.0,0.13573146,1.0,0.32086515,0.0,0.48260707
GUA,2016,0.0,-0.024980187,0.0,0.20205277,0.0,0.3673621
GUI,2016,0.0,0.015005887,0.0,0.21112114,0.0,0.36924332
GUM,2016,0.0,-0.02395463,0.0,0.18177396,0.0,0.34837174
GUY,2016,0.0,0.025193214,0.0,0.22324789,0.0,0.38306302
HAI,2016,0.0,0.04521072,0.0,0.23946834,0.0,0.4082479
HKG,2016,0.0,0.5385511,0.0,0.7429097,0.0,0.90864086
HON,2016,0.0,0.02141285,0.0,0.22839779,0.0,0.40239117
HUN,2016,8.0,2.836465,3.0,3.3150392,4.0,3.9190218
INA,2016,1.0,0.8906001,2.0,1.0544333,0.0,1.2414227
IND,2016,0.0,1.277714,1.0,1.409822,1.0,1.6095064
IRI,2016,3.0,0.98668534,1.0,1.1185027,4.0,1.3314192
IRL,2016,0.0,1.0374631,2.0,1.1788421,0.0,1.3651557
IRQ,2016,0.0,-0.09035647,0.0,0.13878816,0.0,0.31895
ISL,2016,0.0,0.3328842,0.0,0.51419055,0.0,0.6993878
ISR,2016,0.0,0.6628898,0.0,0.85145783,2.0,1.0252473
ISV,2016,0.0,0.06737316,0.0,0.2593059,0.0,0.4320703
ITA,2016,8.0,11.755965,12.0,11.186577,8.0,12.492069
IVB,2016,0.0,0.0106499195,0.0,0.20299512,0.0,0.37248436
JAM,2016,6.0,3.933486,3.0,3.6925468,2.0,3.8758936
JOR,2016,1.0,0.044255733,0.0,0.24505419,0.0,0.40051317
JPN,2016,12.0,12.688451,8.0,11.881946,21.0,13.013521
KAZ,2016,2.0,2.284798,5.0,2.557191,10.0,2.8878334
KEN,2016,6.0,3.9817333,6.0,3.72744,1.0,3.9260867
KGZ,2016,0.0,0.21283495,0.0,0.41628528,0.0,0.59757423
KOR,2016,9.0,9.285911,3.0,9.051987,9.0,10.169015
KSA,2016,0.0,0.11059773,0.0,0.30721575,0.0,0.49469855
LAO,2016,0.0,0.025746047,0.0,0.22253758,0.0,0.3858527
LAT,2016,0.0,0.76134795,0.0,0.9414073,0.0,1.1289477
LBA,2016,0.0,0.0006995201,0.0,0.20373094,0.0,0.37545428
LBR,2016,0.0,0.17669618,0.0,0.34344488,0.0,0.4971028
LCA,2016,0.0,0.055029154,0.0,0.24167198,0.0,0.3870051
LES,2016,0.0,0.108352244,0.0,0.28843457,0.0,0.44470635
LIB,2016,0.0,0.0035398006,0.0,0.21027422,0.0,0.36716744
LIE,2016,0.0,-0.030885935,0.0,0.17064327,0.0,0.3431546
LTU,2016,0.0,1.1114173,1.0,1.2790698,3.0,1.4826934
LUX,2016,0.0,0.025639832,0.0,0.23528445,0.0,0.39873815
MAD,2016,0.0,0.06564367,0.0,0.2632144,0.0,0.41781372
MAR,2016,0.0,0.8897447,0.0,1.0528529,1.0,1.2647262
MAS,2016,0.0,0.37424135,4.0,0.5596739,1.0,0.72793865
MAW,2016,0.0,0.13343215,0.0,0.3099826,0.0,0.4611649
MDA,2016,0.0,0.28015918,0.0,0.48319745,0.0,0.6649426
MDV,2016,0.0,0.047325313,0.0,0.24190938,0.0,0.40009946
MEX,2016,0.0,0.98925656,3.0,1.2729926,2.0,1.483784
MGL,2016,0.0,0.9475233,1.0,1.0534071,1.0,1.2182971
MKD,2016,0.0,0.1494264,0.0,0.3331294,0.0,0.5007612
MLI,2016,0.0,-0.036408424,0.0,0.17768186,0.0,0.3486002
MLT,2016,0.0,0.045719504,0.0,0.24150813,0.0,0.40186882
MON,2016,0.0,-0.097524166,0.0,0.118264794,0.0,0.28748673
MOZ,2016,0.0,0.018818796,0.0,0.2213592,0.0,0.3808666
MRI,2016,0.0,0.06737405,0.0,0.26838976,0.0,0.4255197
MTN,2016,0.0,0.09810817,0.0,0.27809554,0.0,0.43309385
MYA,2016,0.0,-0.0310781,0.0,0.17422068,0.0,0.3194741
NAM,2016,0.0,0.010831714,0.0,0.21661264,0.0,0.38713253
NCA,2016,0.0,0.079287946,0.0,0.2717632,0.0,0.42411226
NED,2016,8.0,4.4027057,7.0,4.7211094,4.0,5.5473437
NEP,2016,0.0,0.11631638,0.0,0.29916096,0.0,0.45100254
NGR,2016,0.0,1.7265325,0.0,1.8499472,1.0,2.056344
NIG,2016,0.0,-0.078384876,1.0,0.13731295,0.0,0.3040867
NOR,2016,0.0,1.7612748,0.0,1.9441617,4.0,2.1692417
NRU,2016,0.0,-0.038890004,0.0,0.1619305,0.0,0.3371703
NZL,2016,4.0,3.9511988,9.0,3.9674273,5.0,4.3684444
OMA,2016,0.0,-0.008170247,0.0,0.18985075,0.0,0.3658241
PAK,2016,0.0,0.14151871,0.0,0.33306062,0.0,0.52083135
PAN,2016,0.0,-0.014425755,0.0,0.19281489,0.0,0.36181378
PAR,2016,0.0,0.004494667,0.0,0.21585411,0.0,0.3844704
PER,2016,0.0,-0.04888034,0.0,0.17459923,0.0,0.33274442
PHI,2016,0.0,0.0021955967,1.0,0.21987611,0.0,0.38980728
PLE,2016,0.0,0.017632306,0.0,0.21517563,0.0,0.3778894
PLW,2016,0.0,0.062863946,0.0,0.2545377,0.0,0.40924287
PNG,2016,0.0,0.05180794,0.0,0.24939013,0.0,0.40239364
POL,2016,2.0,3.7473664,3.0,4.093169,6.0,4.837574
POR,2016,0.0,1.0715309,0.0,1.2584964,1.0,1.4695144
PRK,2016,2.0,1.9020294,3.0,2.001453,2.0,2.1772442
PUR,2016,1.0,0.26940483,0.0,0.47442812,0.0,0.6607388
QAT,2016,0.0,0.20168823,1.0,0.38160387,0.0,0.56570584
ROU,2016,1.0,2.2795916,1.0,2.757659,2.0,3.1608005
RSA,2016,2.0,1.556954,6.0,1.7821878,2.0,2.030997
RUS,2016,19.0,30.416267,17.0,24.88926,20.0,24.501713
RWA,2016,0.0,-0.009687424,0.0,0.1961366,0.0,0.36002624
SAM,2016,0.0,-0.0018516779,0.0,0.20321637,0.0,0.36672893
SEN,2016,0.0,0.18416744,0.0,0.38452977,0.0,0.5464984
SEY,2016,0.0,0.0044893026,0.0,0.20884115,0.0,0.379174
SGP,2016,1.0,0.6071655,0.0,0.7668167,0.0,0.9186981
SKN,2016,0.0,-0.11702013,0.0,0.097694814,0.0,0.26069844
SLE,2016,0.0,0.11940855,0.0,0.29587263,0.0,0.45344567
SLO,2016,1.0,1.745359,2.0,1.8930762,1.0,2.1237845
SMR,2016,0.0,-0.0115356445,0.0,0.18907517,0.0,0.34784043
SOL,2016,0.0,0.019901752,0.0,0.21494502,0.0,0.3670606
SOM,2016,0.0,0.09810817,0.0,0.27809554,0.0,0.43309385
SRI,2016,0.0,0.100393176,0.0,0.29275626,0.0,0.45152596
STP,2016,0.0,0.12370515,0.0,0.29975367,0.0,0.4573577
SUD,2016,0.0,0.1327874,0.0,0.31659156,0.0,0.48549104
SUI,2016,3.0,1.264735,2.0,1.5234478,2.0,1.7535737
SUR,2016,0.0,0.047325313,0.0,0.24190938,0.0,0.40009946
SVK,2016,2.0,1.3971405,2.0,1.5481713,0.0,1.7616663
SWE,2016,2.0,1.9249659,6.0,2.2122483,3.0,2.4921758
SWZ,2016,0.0,0.012052,0.0,0.20906371,0.0,0.3734579
SYR,2016,0.0,-0.059435725,0.0,0.15937382,0.0,0.3327555
TAN,2016,0.0,0.074615,0.0,0.26823103,0.0,0.44187182
TGA,2016,0.0,0.009052634,0.0,0.20800656,0.0,0.37974283
THA,2016,2.0,1.1314849,2.0,1.3402498,2.0,1.5354242
TJK,2016,1.0,0.14647359,0.0,0.3391686,0.0,0.5066674
TKM,2016,0.0,0.020713627,0.0,0.22526544,0.0,0.39166266
TOG,2016,0.0,-0.0103724,0.0,0.19387847,0.0,0.3604892
TPE,2016,1.0,1.2964597,0.0,1.5127307,2.0,1.7316842
TTO,2016,0.0,0.7240428,0.0,0.8665496,1.0,1.0419232
TUN,2016,0.0,0.46387774,0.0,0.6689046,3.0,0.8511852
TUR,2016,1.0,2.3638034,3.0,2.4771326,4.0,2.7408867
UAE,2016,0.0,0.009167194,0.0,0.20889014,1.0,0.3858508
UGA,2016,0.0,0.1290335,0.0,0.3176716,0.0,0.49474463
UKR,2016,2.0,8.015154,5.0,7.9763594,4.0,8.905472
URU,2016,0.0,0.02428937,0.0,0.23503757,0.0,0.4135019
USA,2016,46.0,39.762543,37.0,31.393137,38.0,30.14662
UZB,2016,4.0,1.0211275,2.0,1.2202134,7.0,1.4367561
VAN,2016,0.0,-0.0026607513,0.0,0.19686866,0.0,0.35151243
VEN,2016,0.0,0.72164357,2.0,0.958069,1.0,1.1501471
VIE,2016,1.0,0.12451887,1.0,0.33750576,0.0,0.4920348
VIN,2016,0.0,-0.0041743517,0.0,0.19526845,0.0,0.36012
YEM,2016,0.0,-0.027671337,0.0,0.17491102,0.0,0.3523838
ZAM,2016,0.0,0.029408038,0.0,0.22933412,0.0,0.39905107
ZIM,2016,0.0,0.41536504,0.0,0.5796403,0.0,0.7507551
AFG,2021,0.0,0.1298163,0.0,0.31617546,0.0,0.4916735
ALB,2021,0.0,0.13946009,0.0,0.3276127,0.0,0.49480432
ALG,2021,0.0,0.6709684,0.0,0.86115986,0.0,1.0487136
AND,2021,0.0,0.032256424,0.0,0.23222685,0.0,0.396383
ANG,2021,0.0,0.44546837,0.0,0.61889297,0.0,0.7784521
ANT,2021,0.0,0.027264237,0.0,0.22596359,0.0,0.3981822
ARG,2021,0.0,1.7261559,1.0,1.9589596,2.0,2.2370076
ARM,2021,0.0,0.5573249,2.0,0.7196995,2.0,0.9127036
ARU,2021,0.0,-0.008544326,0.0,0.19462126,0.0,0.3681493
ASA,2021,0.0,0.008215785,0.0,0.21035498,0.0,0.37864876
AUS,2021,17.0,16.690662,7.0,15.230774,22.0,16.305202
AUT,2021,1.0,0.57028097,1.0,0.85762596,5.0,1.0487299
AZE,2021,0.0,1.7238925,3.0,1.829977,4.0,2.0454845
BAH,2021,2.0,0.9073796,0.0,1.0220788,0.0,1.203372
BAN,2021,0.0,0.016113937,0.0,0.21938074,0.0,0.3853025
BAR,2021,0.0,0.015746772,0.0,0.22376549,0.0,0.40554854
BDI,2021,0.0,0.14460641,0.0,0.32735467,0.0,0.47799355
BEL,2021,3.0,1.3725362,1.0,1.5577271,3.0,1.7952728
BEN,2021,0.0,0.01593846,0.0,0.21887273,0.0,0.38903698
BER,2021,1.0,0.08352792,0.0,0.280015,0.0,0.43564373
BHU,2021,0.0,-0.025600195,0.0,0.16819185,0.0,0.30913907
BIH,2021,0.0,0.004132271,0.0,0.21103519,0.0,0.38312665
BIZ,2021,0.0,0.031542182,0.0,0.22910947,0.0,0.40144262
BLR,2021,1.0,1.8283092,3.0,2.2024183,3.0,2.5638602
BOL,2021,0.0,0.081572056,0.0,0.27861518,0.0,0.44143772
BOT,2021,0.0,0.11260533,0.0,0.30650276,1.0,0.48605198
BRA,2021,7.0,7.7610974,6.0,7.886571,8.0,9.11227
BRN,2021,0.0,0.47256917,1.0,0.61756617,0.0,0.78463984
BRU,2021,0.0,-0.026320934,0.0,0.17506844,0.0,0.35148948
BUL,2021,3.0,1.0921242,1.0,1.3228735,2.0,1.5358894
BUR,2021,0.0,0.03866613,0.0,0.2377215,1.0,0.3968628
CAF,2021,0.0,0.03950751,0.0,0.23631698,0.0,0.39757624
CAM,2021,0.0,0.11697936,0.0,0.30232328,0.0,0.45522925
CAN,2021,7.0,7.534497,7.0,7.547515,10.0,8.592882
CAY,2021,0.0,0.039415002,0.0,0.23825914,0.0,0.41614577
CGO,2021,0.0,0.011972547,0.0,0.2193492,0.0,0.3863357
CHA,2021,0.0,-0.07393587,0.0,0.1296168,0.0,0.2802
CHI,2021,0.0,0.022882402,0.0,0.26802856,0.0,0.43315092
CHN,2021,38.0,28.763996,32.0,23.68163,19.0,23.90038
CIV,2021,0.0,0.10870463,0.0,0.30332714,1.0,0.47015685
CMR,2021,0.0,0.479271,0.0,0.6424378,0.0,0.8072354
COD,2021,0.0,0.034575284,0.0,0.23302859,0.0,0.40481782
COK,2021,0.0,0.024198115,0.0,0.22454149,0.0,0.38407373
COL,2021,0.0,1.9616712,4.0,2.1458466,1.0,2.3800437
COM,2021,0.0,0.042151213,0.0,0.23392159,0.0,0.3930682
CPV,2021,0.0,0.028640687,0.0,0.22505623,0.0,0.37706244
CRC,2021,0.0,0.036802113,0.0,0.2418096,0.0,0.411838
CRO,2021,3.0,1.492583,3.0,1.6733086,2.0,1.9257638
CUB,2021,7.0,3.0669947,3.0,3.4912937,5.0,4.0934324
CYP,2021,0.0,0.24671972,0.0,0.43601996,0.0,0.6003835
CZE,2021,4.0,1.8547432,4.0,2.153634,3.0,2.4514227
DEN,2021,3.0,2.5156877,4.0,2.611148,4.0,2.8904848
DJI,2021,0.0,-0.02154708,0.0,0.18396789,0.0,0.34804052
DMA,2021,0.0,0.03810227,0.0,0.22959,0.0,0.4011668
DOM,2021,0.0,0.27480972,3.0,0.48545456,2.0,0.6586253
ECU,2021,2.0,0.25905043,1.0,0.4687323,0.0,0.6414301
EGY,2021,1.0,0.9872956,1.0,1.2304019,4.0,1.4485686
ERI,2021,0.0,0.12457973,0.0,0.31365722,0.0,0.4976537
ESA,2021,0.0,0.022202015,0.0,0.23660076,0.0,0.3951283
ESP,2021,3.0,5.0926294,8.0,5.395519,6.0,6.342822
EST,2021,1.0,0.48065674,0.0,0.6881313,1.0,0.875617
ETH,2021,1.0,2.6827807,1.0,2.5881433,2.0,2.7659526
FIJ,2021,1.0,0.14179683,0.0,0.33670408,1.0,0.5040606
FIN,2021,0.0,0.8889102,0.0,1.1291729,2.0,1.3228021
FRA,2021,10.0,15.922669,12.0,14.5520935,11.0,15.714363
FSM,2021,0.0,0.11766696,0.0,0.30229694,0.0,0.4637227
GAB,2021,0.0,0.1269821,0.0,0.3172763,0.0,0.48859686
GAM,2021,0.0,-0.04713559,0.0,0.1633715,0.0,0.3321374
GBR,2021,22.0,14.0768,20.0,13.091878,22.0,14.350647
GBS,2021,0.0,0.027584255,0.0,0.22645992,0.0,0.39158762
GEO,2021,2.0,1.0001483,5.0,1.1530086,1.0,1.3586086
GEQ,2021,0.0,-0.06782186,0.0,0.14080602,0.0,0.31223494
GER,2021,10.0,19.888779,11.0,17.617008,16.0,18.527176
GHA,2021,0.0,0.06792688,0.0,0.26679188,1.0,0.4409311
GRE,2021,2.0,0.8919742,1.0,1.1912,1.0,1.4654646
GRN,2021,0.0,0.1632942,0.0,0.35008073,1.0,0.51846915
GUA,2021,0.0,-0.010296941,0.0,0.21025163,0.0,0.37740672
GUI,2021,0.0,0.12424815,0.0,0.3077088,0.0,0.4600698
GUM,2021,0.0,0.063569784,0.0,0.25872272,0.0,0.42593148
GUY,2021,0.0,0.17858273,0.0,0.35368276,0.0,0.51458114
HAI,2021,0.0,-0.028142214,0.0,0.19118178,0.0,0.3552881
HKG,2021,1.0,0.65956414,2.0,0.8344143,3.0,1.0015635
HON,2021,0.0,0.079303265,0.0,0.2811193,0.0,0.46669316
HUN,2021,6.0,2.7915807,7.0,3.1452665,7.0,3.6297708
INA,2021,1.0,0.88056374,1.0,1.0245813,3.0,1.2067617
IND,2021,1.0,1.8691121,2.0,1.9632671,4.0,2.1777418
IRI,2021,3.0,1.1792257,2.0,1.3118248,2.0,1.5286903
IRL,2021,2.0,1.2086908,0.0,1.3635538,2.0,1.5625564
IRQ,2021,0.0,-0.0049420595,0.0,0.1956057,0.0,0.36617956
ISL,2021,0.0,0.40498716,0.0,0.57295763,0.0,0.75107753
ISR,2021,2.0,0.60748583,0.0,0.83186966,2.0,1.0108185
ISV,2021,0.0,-0.010825634,0.0,0.1989063,0.0,0.3737637
ITA,2021,10.0,10.7210655,10.0,10.258156,20.0,11.487977
IVB,2021,0.0,0.16370767,0.0,0.33513695,0.0,0.48615193
JAM,2021,4.0,4.601912,1.0,4.26712,4.0,4.455115
JOR,2021,0.0,-0.021264315,1.0,0.19327384,1.0,0.3574354
JPN,2021,27.0,15.9787445,14.0,14.58819,17.0,15.615608
KAZ,2021,0.0,2.133424,0.0,2.4286644,8.0,2.7489214
KEN,2021,4.0,4.4423037,4.0,4.182225,2.0,4.434562
KGZ,2021,0.0,0.22029221,2.0,0.4175377,1.0,0.5993714
KIR,2021,0.0,-0.005133629,0.0,0.19598949,0.0,0.37349457
KOR,2021,6.0,7.0351768,4.0,7.1548996,10.0,8.18492
KSA,2021,0.0,0.10295582,1.0,0.30130303,0.0,0.4863711
KUW,2021,0.0,0.06838632,0.0,0.26372343,1.0,0.44476402
LAO,2021,0.0,0.02114278,0.0,0.22330862,0.0,0.38738692
LAT,2021,1.0,0.59249735,0.0,0.7994557,1.0,0.989455
LBA,2021,0.0,-0.08785403,0.0,0.13338083,0.0,0.30726224
LBR,2021,0.0,0.07840043,0.0,0.2648508,0.0,0.42500126
LCA,2021,0.0,0.070153,0.0,0.26246977,0.0,0.40766674
LES,2021,0.0,-0.035757303,0.0,0.17268258,0.0,0.34603643
LIE,2021,0.0,-0.017791271,0.0,0.1781044,0.0,0.34101385
LTU,2021,0.0,1.1151597,1.0,1.3094208,0.0,1.5191946
LUX,2021,0.0,0.10454446,0.0,0.30151218,0.0,0.46616447
MAD,2021,0.0,0.069796145,0.0,0.26150322,0.0,0.41792327
MAR,2021,1.0,0.71928585,0.0,0.90384805,0.0,1.1018378
MAS,2021,0.0,0.66410804,1.0,0.8260662,1.0,0.994363
MAW,2021,0.0,0.009275079,0.0,0.2109499,0.0,0.36865053
MDA,2021,0.0,0.19559568,0.0,0.40412217,1.0,0.57864225
MDV,2021,0.0,0.13581622,0.0,0.31668895,0.0,0.47623807
MEX,2021,0.0,0.88268447,0.0,1.15985,4.0,1.3556503
MGL,2021,0.0,1.2458372,1.0,1.3609428,3.0,1.53937
MKD,2021,0.0,0.06287706,1.0,0.25871092,0.0,0.42049348
MLI,2021,0.0,0.08854544,0.0,0.29082304,0.0,0.4519068
MLT,2021,0.0,0.06560409,0.0,0.26297444,0.0,0.42519492
MON,2021,0.0,-0.017573833,0.0,0.18508524,0.0,0.3617863
MOZ,2021,0.0,-0.012149572,0.0,0.19459045,0.0,0.36165214
MRI,2021,0.0,0.06765318,0.0,0.27634943,0.0,0.4330846
MTN,2021,0.0,0.11206204,0.0,0.29284286,0.0,0.45056567
MYA,2021,0.0,-0.013347149,0.0,0.19475037,0.0,0.35785803
NAM,2021,0.0,0.1800645,1.0,0.36174762,0.0,0.52177286
NCA,2021,0.0,0.029090106,0.0,0.23172337,0.0,0.3922195
NED,2021,10.0,4.9227924,12.0,5.1495304,14.0,5.9464307
NEP,2021,0.0,0.040409803,0.0,0.24268472,0.0,0.3985899
NGR,2021,0.0,1.4090059,1.0,1.5479664,1.0,1.7628326
NIG,2021,0.0,0.061443686,0.0,0.25658637,0.0,0.41975337
NOR,2021,4.0,1.6078529,2.0,1.831186,2.0,2.0544064
NRU,2021,0.0,-0.02963388,0.0,0.17148083,0.0,0.3539076
NZL,2021,7.0,4.8774037,6.0,4.8877864,7.0,5.4439297
OMA,2021,0.0,0.08143884,0.0,0.27065194,0.0,0.43945742
PAK,2021,0.0,0.118552804,0.0,0.3152159,0.0,0.4993354
PAN,2021,0.0,0.05940312,0.0,0.2643308,0.0,0.42801738
PAR,2021,0.0,0.04588908,0.0,0.25548953,0.0,0.4121756
PER,2021,0.0,0.04929489,0.0,0.2699564,0.0,0.4300764
PHI,2021,1.0,0.019685566,2.0,0.23487991,1.0,0.4010527
PLE,2021,0.0,0.024740696,0.0,0.22709656,0.0,0.39069724
PLW,2021,0.0,-0.007101655,0.0,0.19817477,0.0,0.3585619
PNG,2021,0.0,-0.029344916,0.0,0.1878289,0.0,0.3493917
POL,2021,4.0,3.2363486,5.0,3.636264,5.0,4.314326
POR,2021,1.0,1.0210536,1.0,1.2356098,2.0,1.4459541
PUR,2021,1.0,0.22928303,0.0,0.45011604,0.0,0.6231004
QAT,2021,2.0,0.09999019,0.0,0.30757093,1.0,0.49175584
ROU,2021,1.0,2.191007,3.0,2.4994328,0.0,2.8036118
RSA,2021,1.0,2.264779,2.0,2.4072468,0.0,2.6791973
RUS,2021,20.0,18.585865,28.0,16.571459,23.0,16.941723
RWA,2021,0.0,0.12405038,0.0,0.3093652,0.0,0.47271648
SAM,2021,0.0,0.043631017,0.0,0.24763674,0.0,0.41508767
SEN,2021,0.0,0.23492104,0.0,0.4267526,0.0,0.5916652
SEY,2021,0.0,-0.04883206,0.0,0.1698075,0.0,0.3422032
SGP,2021,0.0,0.7739279,0.0,0.91928214,0.0,1.0749911
SKN,2021,0.0,0.061825633,0.0,0.2510633,0.0,0.4206574
SLE,2021,0.0,0.075870514,0.0,0.26475424,0.0,0.42784232
SLO,2021,3.0,1.4501281,1.0,1.6276925,1.0,1.8424807
SMR,2021,0.0,0.032349348,1.0,0.22513229,2.0,0.37755665
SOL,2021,0.0,0.14578658,0.0,0.32154793,0.0,0.46964234
SOM,2021,0.0,0.11206204,0.0,0.29284286,0.0,0.45056567
SRB,2021,3.0,2.10987,1.0,2.173327,5.0,2.4178903
SRI,2021,0.0,-0.03282845,0.0,0.18493295,0.0,0.35097283
STP,2021,0.0,0.0066640377,0.0,0.20776355,0.0,0.37513128
SUD,2021,0.0,0.13525563,0.0,0.3288499,0.0,0.49958086
SUI,2021,3.0,1.3859131,4.0,1.6075546,6.0,1.834662
SUR,2021,0.0,0.024740696,0.0,0.22709656,0.0,0.39069724
SVK,2021,1.0,1.349499,2.0,1.5189197,1.0,1.7279694
SWE,2021,3.0,2.132311,6.0,2.4092193,0.0,2.6960204
SWZ,2021,0.0,0.13906336,0.0,0.3174321,0.0,0.47895402
SYR,2021,0.0,-8.702278e-05,0.0,0.20709103,1.0,0.37698668
TAN,2021,0.0,0.050157547,0.0,0.2491039,0.0,0.42389685
TGA,2021,0.0,0.024346292,0.0,0.22523087,0.0,0.39285105
THA,2021,1.0,1.1977017,0.0,1.40348,1.0,1.594943
TJK,2021,0.0,0.21941239,0.0,0.4083512,0.0,0.5905298
TKM,2021,0.0,0.10030925,1.0,0.2967494,0.0,0.46186933
TLS,2021,0.0,0.061215818,0.0,0.24587482,0.0,0.38710263
TOG,2021,0.0,0.10218388,0.0,0.29036087,0.0,0.45600823
TPE,2021,2.0,0.88187575,4.0,1.127768,6.0,1.3243339
TTO,2021,0.0,0.68342924,0.0,0.8419622,0.0,1.0241877
TUN,2021,1.0,0.5938378,1.0,0.8033339,0.0,0.98414946
TUR,2021,2.0,1.8816521,2.0,2.1184897,9.0,2.3840714
UAE,2021,0.0,0.07531381,0.0,0.28096002,0.0,0.4622374
UGA,2021,2.0,0.2897752,1.0,0.45937002,1.0,0.6375068
UKR,2021,1.0,4.8772097,6.0,5.3436856,12.0,6.162966
URU,2021,0.0,0.0302791,0.0,0.2439422,0.0,0.42213058
USA,2021,39.0,40.212383,41.0,31.71788,33.0,30.410557
UZB,2021,3.0,1.3556302,0.0,1.5044031,2.0,1.7139037
VAN,2021,0.0,-0.07044172,0.0,0.1431374,0.0,0.30702955
VEN,2021,1.0,0.85037416,3.0,1.1074884,0.0,1.3136895
VIE,2021,0.0,0.259956,0.0,0.46130964,0.0,0.6159771
VIN,2021,0.0,0.11624789,0.0,0.2980932,0.0,0.45868582
YEM,2021,0.0,-0.00097584724,0.0,0.20432514,0.0,0.37971509
ZAM,2021,0.0,0.021282911,0.0,0.22618681,0.0,0.40057173
ZIM,2021,0.0,0.48796272,0.0,0.6591722,0.0,0.82633024
AFG,2024,0.0,-0.027055621,0.0,0.19501859,0.0,0.38084513
ALB,2024,0.0,-0.04668665,0.0,0.17829806,2.0,0.35357475
ALG,2024,2.0,0.3864997,0.0,0.61764246,1.0,0.8090855
AND,2024,0.0,0.07532412,0.0,0.26777655,0.0,0.43657196
ANG,2024,0.0,0.5781665,0.0,0.7376303,0.0,0.89247197
ANT,2024,0.0,0.10606903,0.0,0.29987204,0.0,0.47034216
ARG,2024,1.0,1.1560402,1.0,1.4160812,1.0,1.6726472
ARM,2024,0.0,0.50071484,3.0,0.6943567,1.0,0.89697707
ARU,2024,0.0,-0.00040888786,0.0,0.20510238,0.0,0.37861758
ASA,2024,0.0,-0.061191797,0.0,0.15808433,0.0,0.3398829
AUS,2024,18.0,19.176178,19.0,17.066175,16.0,18.0158
AUT,2024,2.0,0.3571053,0.0,0.6362168,3.0,0.81066966
AZE,2024,2.0,1.5270383,2.0,1.6999373,3.0,1.933382
BAH,2024,0.0,1.027061,0.0,1.1188312,0.0,1.2945371
BAN,2024,0.0,-0.050465345,0.0,0.16594207,0.0,0.34142125
BAR,2024,0.0,0.14015198,0.0,0.3252586,0.0,0.5065987
BDI,2024,0.0,0.24276942,0.0,0.41964033,0.0,0.5807513
BEL,2024,3.0,1.2419782,1.0,1.4897463,6.0,1.7248034
BEN,2024,0.0,0.01163733,0.0,0.21941137,0.0,0.39727455
BER,2024,0.0,0.13780183,0.0,0.3232668,0.0,0.4911517
BHU,2024,0.0,-0.14964938,0.0,0.07950741,0.0,0.22922754
BIH,2024,0.0,0.030901551,0.0,0.23994058,0.0,0.4139095
BIZ,2024,0.0,0.030053794,0.0,0.23185718,0.0,0.40804636
BOL,2024,0.0,0.09109163,0.0,0.28784746,0.0,0.45750263
BOT,2024,1.0,0.14784169,1.0,0.34145075,0.0,0.5234806
BRA,2024,3.0,3.5815537,7.0,3.6581087,10.0,4.15708
BRN,2024,2.0,0.5304508,1.0,0.70261115,1.0,0.88198847
BRU,2024,0.0,-0.068677306,0.0,0.14752525,0.0,0.32675695
BUL,2024,3.0,0.9271591,1.0,1.1281499,3.0,1.3199778
BUR,2024,0.0,0.003209591,0.0,0.21611542,0.0,0.3843041
CAF,2024,0.0,0.1189605,0.0,0.30663002,0.0,0.47081083
CAM,2024,0.0,0.006963253,0.0,0.21358848,0.0,0.37935954
CAN,2024,9.0,9.29536,7.0,9.044398,11.0,10.004741
CAY,2024,0.0,0.06698924,0.0,0.26173604,0.0,0.44020683
CGO,2024,0.0,0.23771858,0.0,0.40665418,0.0,0.5727765
CHA,2024,0.0,0.07881725,0.0,0.26431823,0.0,0.4111697
CHI,2024,1.0,-0.08862746,1.0,0.19075489,0.0,0.353492
CHN,2024,40.0,33.824677,27.0,27.225378,24.0,26.606838
CIV,2024,0.0,0.17708784,0.0,0.37689614,1.0,0.5450271
CMR,2024,0.0,0.37247574,0.0,0.5756975,0.0,0.74341816
COD,2024,0.0,0.054448187,0.0,0.2520128,0.0,0.42193818
COK,2024,0.0,0.13922644,0.0,0.3327073,0.0,0.4931854
COL,2024,0.0,1.2088178,3.0,1.5374659,1.0,1.7919893
COM,2024,0.0,0.03242749,0.0,0.23402876,0.0,0.39778605
CPV,2024,0.0,0.037971497,0.0,0.24116004,1.0,0.39803326
CRC,2024,0.0,0.027165592,0.0,0.24271452,0.0,0.41376346
CRO,2024,2.0,1.2483257,2.0,1.4709194,3.0,1.7124288
CUB,2024,2.0,2.2264528,1.0,2.5891414,6.0,2.9918404
CYP,2024,0.0,0.16038924,1.0,0.36432546,0.0,0.542138
CZE,2024,3.0,1.4616628,0.0,1.7726738,2.0,2.0394666
DEN,2024,2.0,2.2855139,2.0,2.5001578,5.0,2.8105505
DJI,2024,0.0,0.024822354,0.0,0.23062533,0.0,0.40720952
DMA,2024,1.0,0.13667959,0.0,0.31662035,0.0,0.4804613
DOM,2024,1.0,0.72354645,0.0,0.8911626,2.0,1.069437
ECU,2024,1.0,0.2563312,2.0,0.48728538,2.0,0.6614007
EGY,2024,1.0,0.8648685,1.0,1.1233617,1.0,1.3351538
ERI,2024,0.0,0.15264654,0.0,0.3441887,0.0,0.53467363
ESA,2024,0.0,0.05781907,0.0,0.26433843,0.0,0.43419528
ESP,2024,5.0,5.2317467,4.0,5.5502524,9.0,6.529019
EST,2024,0.0,0.21280807,0.0,0.44990373,0.0,0.6322655
ETH,2024,1.0,2.3434646,3.0,2.3429515,0.0,2.542828
FIJ,2024,0.0,0.467045,1.0,0.6248644,0.0,0.8021576
FIN,2024,0.0,0.80078286,0.0,1.0247037,0.0,1.2178084
FRA,2024,16.0,21.346046,26.0,18.715076,22.0,19.565357
FSM,2024,0.0,-0.0028067827,0.0,0.20491856,0.0,0.37706178
GAB,2024,0.0,0.05659926,0.0,0.2675249,0.0,0.45409632
GAM,2024,0.0,0.0020141602,0.0,0.20827168,0.0,0.3811676
GBR,2024,14.0,18.562298,22.0,16.524979,29.0,17.707432
GBS,2024,0.0,-0.0015529394,0.0,0.20822495,0.0,0.37964272
GEO,2024,3.0,0.9411479,3.0,1.1122208,1.0,1.3277019
GEQ,2024,0.0,0.03899145,0.0,0.23644453,0.0,0.41388476
GER,2024,12.0,17.130684,13.0,15.60972,8.0,16.646145
GHA,2024,0.0,0.013562202,0.0,0.22826147,0.0,0.40681812
GRE,2024,1.0,0.94069517,1.0,1.1859937,6.0,1.4012077
GRN,2024,0.0,0.20248622,0.0,0.3888632,2.0,0.5706038
GUA,2024,1.0,0.040347278,0.0,0.2708516,1.0,0.44784474
GUI,2024,0.0,0.097661376,0.0,0.28847396,0.0,0.44830704
GUM,2024,0.0,0.09466857,0.0,0.29049492,0.0,0.45999426
GUY,2024,0.0,0.12088776,0.0,0.31304377,0.0,0.482567
HAI,2024,0.0,0.10574204,0.0,0.29700947,0.0,0.46235007
HKG,2024,2.0,0.5921466,0.0,0.7992019,2.0,0.9759229
HON,2024,0.0,0.13299209,0.0,0.33672374,0.0,0.53244853
HUN,2024,6.0,2.57014,7.0,2.9124289,6.0,3.359441
INA,2024,2.0,0.8213162,0.0,0.9787216,1.0,1.1652726
IND,2024,0.0,1.8014871,1.0,1.9633708,5.0,2.2157443
IRI,2024,3.0,1.0580189,6.0,1.2525611,3.0,1.4936094
IRL,2024,4.0,1.3707333,0.0,1.5694914,3.0,1.7893192
IRQ,2024,0.0,0.06531501,0.0,0.2710777,0.0,0.45596254
ISL,2024,0.0,0.09001422,0.0,0.3055628,0.0,0.49003148
ISR,2024,1.0,0.7047453,5.0,0.92231727,1.0,1.0987802
ISV,2024,0.0,0.03255564,0.0,0.23978347,0.0,0.41599816
ITA,2024,12.0,12.441483,13.0,11.688503,15.0,12.871725
IVB,2024,0.0,0.15287387,0.0,0.32794064,0.0,0.48281065
JAM,2024,1.0,3.9558718,3.0,3.8182592,2.0,4.0597754
JOR,2024,0.0,0.02543366,1.0,0.2433145,0.0,0.42053515
JPN,2024,20.0,17.728989,12.0,16.035475,13.0,17.079987
KAZ,2024,1.0,1.6022558,3.0,1.9146507,3.0,2.2005208
KEN,2024,4.0,4.463696,2.0,4.2542114,5.0,4.53031
KGZ,2024,0.0,0.1614722,2.0,0.37158793,4.0,0.55639505
KIR,2024,0.0,-0.009178162,0.0,0.19990927,0.0,0.37617803
KOR,2024,13.0,4.2675805,9.0,4.7691913,10.0,5.547917
KSA,2024,0.0,0.02911514,0.0,0.2526436,0.0,0.44272888
KUW,2024,0.0,0.04448086,0.0,0.2537232,0.0,0.4430743
LAO,2024,0.0,0.06774962,0.0,0.26184934,0.0,0.43170914
LAT,2024,0.0,0.20062506,0.0,0.44701254,0.0,0.63309544
LBA,2024,0.0,-0.03139341,0.0,0.18157786,0.0,0.3621462
LBR,2024,0.0,0.061993778,0.0,0.2575127,0.0,0.4214921
LCA,2024,1.0,0.14945114,1.0,0.33106542,0.0,0.48337242
LES,2024,0.0,0.19772291,0.0,0.37169218,0.0,0.54345536
LIE,2024,0.0,0.14098912,0.0,0.32231688,0.0,0.47558698
LTU,2024,0.0,0.8533339,2.0,1.0753782,2.0,1.2886975
LUX,2024,0.0,-0.017935634,0.0,0.20691282,0.0,0.37815243
MAD,2024,0.0,-0.023899794,0.0,0.1922127,0.0,0.35663128
MAR,2024,1.0,0.27654803,0.0,0.52620655,1.0,0.7181461
MAS,2024,0.0,0.84734905,0.0,1.0001591,2.0,1.1713662
MAW,2024,0.0,0.13009346,0.0,0.31552488,0.0,0.4733703
MDA,2024,0.0,0.2548241,1.0,0.45293915,3.0,0.62513274
MDV,2024,0.0,0.0788281,0.0,0.27421707,0.0,0.44265908
MEX,2024,0.0,0.8051305,3.0,1.0750489,2.0,1.2735367
MGL,2024,0.0,1.2851052,1.0,1.4123225,0.0,1.6016054
MHL,2024,0.0,0.14412904,0.0,0.32459408,0.0,0.48648107
MKD,2024,0.0,-0.057003736,0.0,0.16629714,0.0,0.33027667
MLI,2024,0.0,-0.006901741,0.0,0.20444787,0.0,0.38194162
MLT,2024,0.0,0.11424506,0.0,0.3054703,0.0,0.46995452
MNE,2024,0.0,0.50780016,0.0,0.67709243,0.0,0.85344946
MON,2024,0.0,-0.020707369,0.0,0.19591439,0.0,0.38076833
MOZ,2024,0.0,0.03802401,0.0,0.24456686,0.0,0.41877276
MRI,2024,0.0,-0.0047494173,0.0,0.22145659,0.0,0.38834602
MTN,2024,0.0,0.13667959,0.0,0.31662035,0.0,0.4804613
MYA,2024,0.0,0.12328404,0.0,0.31045425,0.0,0.47550106
NAM,2024,0.0,0.12410343,0.0,0.32198483,0.0,0.48677635
NCA,2024,0.0,0.018986046,0.0,0.22858322,0.0,0.39488772
NED,2024,15.0,5.673539,7.0,5.8566327,12.0,6.700175
NEP,2024,0.0,0.20016563,0.0,0.37385654,0.0,0.52514887
NGR,2024,0.0,1.1286881,0.0,1.2677286,0.0,1.4693769
NIG,2024,0.0,0.07128286,0.0,0.27284294,0.0,0.44718415
NOR,2024,4.0,1.3662305,1.0,1.5700498,3.0,1.7827055
NRU,2024,0.0,0.049188673,0.0,0.2459361,0.0,0.4326324
NZL,2024,10.0,3.875352,7.0,4.186894,3.0,4.8457203
OMA,2024,0.0,-0.0765177,0.0,0.14517605,0.0,0.32021338
PAK,2024,1.0,-0.042102933,0.0,0.18313867,0.0,0.3676858
PAN,2024,0.0,0.104665875,1.0,0.30077368,0.0,0.46749637
PAR,2024,0.0,0.09839457,0.0,0.2978378,0.0,0.45973068
PER,2024,0.0,-0.029916048,0.0,0.22060907,1.0,0.38631487
PHI,2024,2.0,0.096851826,0.0,0.31029063,2.0,0.4764142
PLE,2024,0.0,0.025803208,0.0,0.23181498,0.0,0.40435356
PLW,2024,0.0,0.054487705,0.0,0.2536081,0.0,0.42018765
PNG,2024,0.0,0.07438445,0.0,0.27616286,0.0,0.44528955
POL,2024,1.0,2.654533,4.0,3.0522792,5.0,3.6113856
POR,2024,1.0,0.7739273,2.0,1.0236925,1.0,1.2285151
PRK,2024,0.0,1.8731406,2.0,1.9885314,4.0,2.1740751
PUR,2024,0.0,0.17371446,0.0,0.407066,2.0,0.57673895
QAT,2024,0.0,0.28273666,0.0,0.47490984,1.0,0.6640239
ROU,2024,3.0,1.721971,4.0,1.9967124,2.0,2.261706
RSA,2024,1.0,2.1278238,3.0,2.3355691,2.0,2.6466181
RWA,2024,0.0,0.055544376,0.0,0.25851887,0.0,0.4346529
SAM,2024,0.0,-0.03477657,0.0,0.1889866,0.0,0.36702245
SEN,2024,0.0,-0.04203987,0.0,0.19518334,0.0,0.3732547
SEY,2024,0.0,-0.005286455,0.0,0.20722276,0.0,0.38655788
SGP,2024,0.0,0.51731586,0.0,0.7215965,1.0,0.88674337
SKN,2024,0.0,0.120996,0.0,0.30739194,0.0,0.49332166
SLE,2024,0.0,0.09339529,0.0,0.28410774,0.0,0.44799536
SLO,2024,2.0,1.0137055,1.0,1.2576587,0.0,1.4661511
SMR,2024,0.0,0.085472584,0.0,0.28087825,0.0,0.4403135
SOL,2024,0.0,0.11570805,0.0,0.29933143,0.0,0.456533
SOM,2024,0.0,0.09512377,0.0,0.28320974,0.0,0.44745496
SRB,2024,3.0,1.9291005,1.0,2.0793316,1.0,2.3399203
SRI,2024,0.0,0.03131795,0.0,0.24205732,0.0,0.41230857
STP,2024,0.0,0.044722676,0.0,0.24286598,0.0,0.4134304
SUD,2024,0.0,0.051219344,0.0,0.25728697,0.0,0.433596
SUI,2024,1.0,1.4561439,2.0,1.7017322,5.0,1.9434502
SUR,2024,0.0,-0.05562246,0.0,0.16151291,0.0,0.33861363
SVK,2024,0.0,0.9360912,0.0,1.1534975,1.0,1.3598387
SWE,2024,4.0,1.8060157,4.0,2.136158,3.0,2.4293544
SWZ,2024,0.0,-0.061436653,0.0,0.15647852,0.0,0.3321442
SYR,2024,0.0,-0.083715916,0.0,0.14618081,0.0,0.32160705
TAN,2024,0.0,0.09767103,0.0,0.29054642,0.0,0.46846873
TGA,2024,0.0,0.061816752,0.0,0.25966996,0.0,0.42947066
THA,2024,1.0,0.80481124,3.0,1.0265195,2.0,1.2092402
TJK,2024,0.0,0.102704585,0.0,0.31775796,3.0,0.50892675
TKM,2024,0.0,0.10681522,0.0,0.30369133,0.0,0.47499806
TLS,2024,0.0,-0.018504381,0.0,0.18896723,0.0,0.3544588
TOG,2024,0.0,-0.08181393,0.0,0.14391237,0.0,0.31828254
TPE,2024,2.0,0.9121574,0.0,1.1315502,5.0,1.311378
TTO,2024,0.0,0.5347848,0.0,0.72079194,0.0,0.9121712
TUN,2024,1.0,0.5298032,1.0,0.76176167,1.0,0.95973766
TUR,2024,0.0,1.7159623,3.0,1.9812171,5.0,2.23344
TUV,2024,0.0,0.12055868,0.0,0.30518478,0.0,0.48478907
UAE,2024,0.0,0.05514729,0.0,0.2661268,0.0,0.45728105
UGA,2024,1.0,0.5831913,1.0,0.72255135,0.0,0.9036189
UKR,2024,3.0,2.4588547,5.0,3.110833,4.0,3.6802764
URU,2024,0.0,0.098570526,0.0,0.30464536,0.0,0.4895043
USA,2024,40.0,40.323566,44.0,31.799072,42.0,30.475143
UZB,2024,8.0,1.369102,2.0,1.5445777,3.0,1.7550931
VAN,2024,0.0,-0.026829958,0.0,0.1840446,0.0,0.36616164
VEN,2024,0.0,0.5239907,0.0,0.77741337,0.0,0.97949183
VIE,2024,0.0,0.25907028,0.0,0.48132956,0.0,0.64499235
VIN,2024,0.0,0.1680454,0.0,0.34309548,0.0,0.5079361
YEM,2024,0.0,-0.020795107,0.0,0.1909566,0.0,0.36792332
ZAM,2024,0.0,0.330078,0.0,0.48940864,1.0,0.657184
ZIM,2024,0.0,0.12213826,0.0,0.34110445,0.0,0.5181808
